# One tool per line, fields separated by a tab. Read by tools/ToolSpec.kt and
# by scripts/check-tools.sh, so the app and CI can never disagree.
#
# No version here. The latest one is read from the publisher's index at
# the moment the user asks, so a new release needs no new GutapK.
#
# source       google-repo: Google's SDK repository XML, index is its URL,
#              package is the remotePackage path.
#
# id	source	index	package	entry	execDir	licence	licenceUrl	what
platform-tools	google-repo	https://dl.google.com/android/repository/repository2-3.xml	platform-tools	platform-tools/adb	platform-tools	Android Software Development Kit License Agreement	https://developer.android.com/studio/terms	adb and fastboot
